num_features,auc_mean,auc_std
1,0.84645139339302122,0.052507039723526827
